url,label
https://www.wikipedia.org,1
https://www.facebook.com,1
https://www.youtube.com,1
https://www.pinterest.com,1
https://www.google.com,1
https://www.amazon.com,1
https://www.twitter.com,1
https://www.instagram.com,1
https://www.linkedin.com,1
https://www.reddit.com,1
https://www.quora.com,1
https://www.wordpress.com,1
https://www.fandom.com,1
https://www.apple.com,1
https://www.yahoo.com,1
https://www.ebay.com,1
https://www.nih.gov,1
https://www.etsy.com,1
https://www.nytimes.com,1
https://www.researchgate.net,1
https://www.bbc.com,1
https://www.imdb.com,1
https://www.walmart.com,1
https://www.indeed.com,1
https://www.aliexpress.com,1
https://www.medium.com,1
https://www.theguardian.com,1
https://www.yelp.com,1
https://www.microsoft.com,1
https://www.dailymotion.com,1
https://www.indiatimes.com,1
https://www.forbes.com,1
https://www.reverso.net,1
https://www.findglocal.com,1
https://www.foursquare.com,1
https://www.slideshare.net,1
https://www.britannica.com,1
https://www.spotify.com,1
https://www.amazon.in,1
https://www.shutterstock.com,1
https://www.wikihow.com,1
https://www.sciencedirect.com,1
https://www.alamy.com,1
https://www.soundcloud.com,1
https://www.flipkart.com,1
https://www.businessinsider.com,1
https://www.amazon.co.uk,1
https://www.stackexchange.com,1
https://www.cnn.com,1
https://www.cambridge.org,1
https://www.tripadvisor.com,1
https://www.cnet.com,1
https://www.alibaba.com,1
https://www.ebay.co.uk,1
https://www.target.com,1
https://www.washingtonpost.com,1
https://www.healthline.com,1
https://www.yahoo.co.jp,1
https://www.jstor.org,1
https://www.tumblr.com,1
https://www.thefreedictionary.com,1
https://www.goodreads.com,1
https://www.bbc.co.uk,1
https://www.mapquest.com,1
https://www.usatoday.com,1
https://www.brainstudy.info,1
https://www.amazon.de,1
https://www.indiamart.com,1
https://www.scribd.com,1
https://www.moovitapp.com,1
https://www.merriam-webster.com,1
https://www.waze.com,1
https://www.justdial.com,1
https://www.github.com,1
https://www.independent.co.uk,1
https://www.collinsdictionary.com,1
https://www.webmd.com,1
https://www.issuu.com,1
https://www.reuters.com,1
https://www.wikiwand.com,1
https://www.ndtv.com,1
https://www.dreamstime.com,1
https://www.yellowpages.com,1
https://www.wordreference.com,1
https://www.wiktionary.org,1
https://www.bloomberg.com,1
https://www.springer.com,1
https://www.wiley.com,1
https://www.dictionary.com,1
https://www.vymaps.com,1
https://www.flickr.com,1
https://www.europa.eu,1
https://www.latimes.com,1
https://www.usnews.com,1
https://www.npr.org,1
https://www.screenrant.com,1
https://www.dailymail.co.uk,1
https://www.yourdictionary.com,1
https://www.rakuten.co.jp,1
https://www.weebly.com,1
https://www.booking.com,1
https://www.homedepot.com,1
https://www.pinterest.es,1
https://www.amazon.co.jp,1
https://www.redbubble.com,1
https://www.wsj.com,1
https://www.amazon.fr,1
https://www.stackoverflow.com,1
https://www.msn.com,1
https://www.vimeo.com,1
https://www.amazon.ca,1
https://www.mayoclinic.org,1
https://www.nature.com,1
https://www.zoominfo.com,1
https://www.yandex.ru,1
https://www.netflix.com,1
https://www.tandfonline.com,1
https://www.tiktok.com,1
https://www.elpais.com,1
https://www.tokopedia.com,1
https://www.ameblo.jp,1
https://www.theverge.com,1
https://www.medicalnewstoday.com,1
https://www.bab.la,1
https://www.pinterest.co.uk,1
https://www.google.co.in,1
https://www.istockphoto.com,1
https://www.cnbc.com,1
https://www.ign.com,1
https://www.maps123.net,1
https://www.hindustantimes.com,1
https://www.oup.com,1
https://www.pinterest.de,1
https://www.linguee.com,1
https://www.dnb.com,1
https://www.indianexpress.com,1
https://www.study.com,1
https://www.glosbe.com,1
https://www.discogs.com,1
https://www.investopedia.com,1
https://www.genius.com,1
https://www.rottentomatoes.com,1
https://www.goo.ne.jp,1
https://www.goodhousekeeping.com,1
https://www.google.co.uk,1
https://www.wikimedia.org,1
https://www.dw.com,1
https://www.adobe.com,1
https://www.harvard.edu,1
https://www.globo.com,1
https://www.amazon.es,1
https://www.nbcnews.com,1
https://www.vk.com,1
https://www.bestbuy.com,1
https://www.techradar.com,1
https://www.uol.com.br,1
https://www.time.com,1
https://www.buzzfeed.com,1
https://www.glassdoor.com,1
https://www.google.ca,1
https://www.pinterest.ca,1
https://www.yumpu.com,1
https://www.educalingo.com,1
https://www.indiatoday.in,1
https://www.bbb.org,1
https://www.line.me,1
https://www.lexico.com,1
https://www.quizlet.com,1
https://www.deviantart.com,1
https://www.sagepub.com,1
https://www.pinterest.fr,1
https://www.wordhippo.com,1
https://www.insider.com,1
https://www.lefigaro.fr,1
https://www.rvwab.com,1
https://www.wattpad.com,1
https://www.google.de,1
https://www.digitaltrends.com,1
https://www.aminoapps.com,1
https://www.ebay.de,1
https://www.pcmag.com,1
https://www.ikea.com,1
https://www.cdc.gov,1
https://www.core.ac.uk,1
https://www.lowes.com,1
https://www.bustle.com,1
https://www.mercari.com,1
https://www.cbc.ca,1
https://www.news18.com,1
https://www.cosmopolitan.com,1
https://www.popsugar.com,1
https://www.mercadolivre.com.br,1
https://www.abc.net.au,1
https://www.apnews.com,1
https://www.depositphotos.com,1
https://www.lavanguardia.com,1
https://www.thehindu.com,1
https://www.urbandictionary.com,1
https://www.india.com,1
https://www.wired.com,1
https://www.definitions.net,1
https://www.go.com,1
https://www.askinglot.com,1
https://www.shopee.co.id,1
https://www.player.fm,1
https://www.pixabay.com,1
https://www.theconversation.com,1
https://www.biomedcentral.com,1
https://www.restaurantguru.com,1
https://www.picclick.com,1
https://www.as.com,1
https://www.gamespot.com,1
https://www.thesun.co.uk,1
https://www.mercadolibre.com.ar,1
https://www.semanticscholar.org,1
https://www.ebay-kleinanzeigen.de,1
https://www.chron.com,1
https://www.prnewswire.com,1
https://www.medlineplus.gov,1
https://www.mxtube.net,1
https://www.samsung.com,1
https://www.vulture.com,1
https://www.business.site,1
https://www.joom.com,1
https://www.republicworld.com,1
https://www.123rf.com,1
https://www.apkpure.com,1
https://www.medicinenet.com,1
https://www.vocabulary.com,1
https://www.mit.edu,1
https://www.houzz.com,1
https://www.agoda.com,1
https://www.hotels.com,1
https://www.ft.com,1
https://www.mercadolibre.com.co,1
https://www.mdpi.com,1
https://www.yellow.place,1
https://www.manta.com,1
https://www.theatlantic.com,1
https://www.frontiersin.org,1
https://www.mercadolibre.com.mx,1
https://www.telegraph.co.uk,1
https://www.bukalapak.com,1
https://www.pinterest.com.mx,1
https://www.express.co.uk,1
https://www.dummies.com,1
https://www.clevelandclinic.org,1
https://www.today.com,1
https://www.macmillandictionary.com,1
https://www.kakaku.com,1
https://www.hollywoodreporter.com,1
https://www.rollingstone.com,1
https://www.shabdkosh.com,1
https://www.thesaurus.com,1
https://www.www.nhs.uk,1
https://www.worldorgs.com,1
https://www.musixmatch.com,1
https://www.tomsguide.com,1
https://www.elle.com,1
https://www.ew.com,1
https://www.thoughtco.com,1
https://www.abc.es,1
https://www.steamcommunity.com,1
https://www.sfgate.com,1
https://www.lumenlearning.com,1
https://www.academia.edu,1
https://www.techcrunch.com,1
https://www.freepik.com,1
https://www.refinery29.com,1
https://www.findanyanswer.com,1
https://www.who.int,1
https://www.polygon.com,1
https://www.metacritic.com,1
https://www.chicagotribune.com,1
https://www.makeuseof.com,1
https://www.barnesandnoble.com,1
https://www.fc2.com,1
https://www.mirror.co.uk,1
https://www.kompas.com,1
https://www.wayfair.com,1
https://www.costco.com,1
https://www.lifewire.com,1
https://www.tvtropes.org,1
https://www.ca.gov,1
https://www.psu.edu,1
https://www.groupon.com,1
https://www.thespruce.com,1
https://www.amazon.it,1
https://www.marketwatch.com,1
https://www.tistory.com,1
https://www.scielo.br,1
https://www.pinterest.com.au,1
https://www.sears.com,1
https://www.standard.co.uk,1
https://www.picclick.co.uk,1
https://www.walmart.ca,1
https://www.mapcarta.com,1
https://www.theofy.world,1
https://www.verywellhealth.com,1
https://www.pons.com,1
https://www.metro.co.uk,1
https://www.accuweather.com,1
https://www.elmundo.es,1
https://www.kidshealth.org,1
https://www.coursehero.com,1
https://www.firstpost.com,1
https://www.vox.com,1
https://www.stanford.edu,1
https://www.gettyimages.com,1
https://www.ebay.com.au,1
https://www.elespanol.com,1
https://www.jooble.org,1
https://www.statista.com,1
https://www.espn.com,1
https://www.deezer.com,1
https://www.newsweek.com,1
https://www.picuki.com,1
https://www.ibm.com,1
https://www.prezi.com,1
https://www.fnac.com,1
https://www.leparisien.fr,1
https://www.loc.gov,1
https://www.nymag.com,1
https://www.zillow.com,1
https://www.patch.com,1
https://www.lyricstranslate.com,1
https://www.tribunnews.com,1
https://www.toppr.com,1
https://www.variety.com,1
https://www.businesswire.com,1
https://www.google.co.jp,1
https://www.huffpost.com,1
https://www.engadget.com,1
https://www.brainly.in,1
https://www.poshmark.com,1
https://www.google.fr,1
https://www.crunchbase.com,1
https://www.msdmanuals.com,1
https://www.www.gov.uk,1
https://www.trip.com,1
https://www.naver.com,1
https://www.bol.com,1
https://www.ebay.ca,1
https://www.people.com,1
https://www.made-in-china.com,1
https://www.cdiscount.com,1
https://www.lazada.com.ph,1
https://www.trustpilot.com,1
https://www.cbsnews.com,1
https://www.expedia.com,1
https://www.khanacademy.org,1
https://www.prom.ua,1
https://www.gamesradar.com,1
https://www.google.com.au,1
https://www.realtor.com,1
https://www.buzzfile.com,1
https://www.chegg.com,1
https://www.kompass.com,1
https://www.detik.com,1
https://www.hinative.com,1
https://www.lemonde.fr,1
https://www.livemint.com,1
https://www.ouest-france.fr,1
https://www.unirioja.es,1
https://www.nypost.com,1
https://www.commonsensemedia.org,1
https://www.pbs.org,1
https://www.ozon.ru,1
https://www.hatenablog.com,1
https://www.magazineluiza.com.br,1
https://www.ichacha.net,1
https://www.billboard.com,1
https://www.zomato.com,1
https://www.rome2rio.com,1
https://www.prepona.info,1
https://www.plos.org,1
https://www.harpersbazaar.com,1
https://www.liputan6.com,1
https://www.un.org,1
https://www.abril.com.br,1
https://www.ubereats.com,1
https://www.newsbreak.com,1
https://www.tripadvisor.co.uk,1
https://www.deadline.com,1
https://www.womenshealthmag.com,1
https://www.gamerant.com,1
https://www.timeout.com,1
https://www.americanas.com.br,1
https://www.ieee.org,1
https://www.cbr.com,1
https://www.medscape.com,1
https://www.esquire.com,1
https://www.tenor.com,1
https://www.everydayhealth.com,1
https://www.nationalgeographic.com,1
https://www.realsimple.com,1
https://www.oxfordlearnersdictionaries.com,1
https://www.prtimes.jp,1
https://www.instructables.com,1
https://www.kohls.com,1
https://www.mashable.com,1
https://www.cornell.edu,1
https://www.redalyc.org,1
https://www.tvguide.com,1
https://www.irishtimes.com,1
https://www.unsplash.com,1
https://www.mynavi.jp,1
https://www.countryliving.com,1
https://www.livescience.com,1
https://www.kijiji.ca,1
https://www.economictimes.com,1
https://www.google.co.id,1
https://www.business-standard.com,1
https://www.cookpad.com,1
https://www.chordify.net,1
https://www.google.com.br,1
https://www.bhg.com,1
https://www.cbslocal.com,1
https://www.excite.co.jp,1
https://www.fao.org,1
https://www.last.fm,1
https://www.uptodown.com,1
https://www.hindawi.com,1
https://www.tr-ex.me,1
https://www.encyclopedia.com,1
https://www.digitalspy.com,1
https://www.marca.com,1
https://www.opencorporates.com,1
https://www.rakuten.com,1
https://www.gaana.com,1
https://www.steampowered.com,1
https://www.ldoceonline.com,1
https://www.shazam.com,1
https://www.macys.com,1
https://www.nextdoor.com,1
https://www.usda.gov,1
https://www.focus.de,1
https://www.infobae.com,1
https://www.birdeye.com,1
https://www.scmp.com,1
https://www.pixnet.net,1
https://www.shopee.ph,1
https://www.allrecipes.com,1
https://www.picclick.de,1
https://www.amazon.com.br,1
https://www.pagesjaunes.fr,1
https://www.20minutos.es,1
https://www.howstuffworks.com,1
https://www.nsw.gov.au,1
https://www.umich.edu,1
https://www.youm7.com,1
https://www.sportskeeda.com,1
https://www.livejournal.com,1
https://www.newyorker.com,1
https://www.nordstrom.com,1
https://www.azlyrics.com,1
https://www.translated.net,1
https://www.softonic.com,1
https://www.newegg.com,1
https://www.allmusic.com,1
https://www.bizjournals.com,1
https://www.mail.ru,1
https://www.behance.net,1
https://www.pinterest.cl,1
https://www.hamariweb.com,1
https://www.drugs.com,1
https://www.rateyourmusic.com,1
https://www.pcgamer.com,1
https://www.argos.co.uk,1
https://www.byjus.com,1
https://www.scientificamerican.com,1
https://www.bmj.com,1
https://www.avito.ru,1
https://www.umn.edu,1
https://www.nikkei.com,1
https://www.lovetoknow.com,1
https://www.company-information.service.gov.uk,1
https://www.uchile.cl,1
https://www.pinterest.jp,1
https://www.squarespace.com,1
https://www.ebay.fr,1
https://www.pinterest.ch,1
https://www.dragonrest.net,1
https://www.smithsonianmag.com,1
https://www.almaany.com,1
https://www.shopee.com.my,1
https://www.loc8nearme.com,1
https://www.pressreader.com,1
https://www.pinterest.ru,1
https://www.hinkhoj.com,1
https://www.parade.com,1
https://www.zendesk.com,1
https://www.pinterest.at,1
https://www.rentalsz.com,1
https://www.nme.com,1
https://www.giphy.com,1
https://www.linguee.es,1
https://www.thegamer.com,1
https://www.comicbook.com,1
https://www.healthgrades.com,1
https://www.overstock.com,1
https://www.eurogamer.net,1
https://www.ziprecruiter.com,1
https://www.consumerreports.org,1
https://www.hp.com,1
https://www.financialexpress.com,1
https://www.theculturetrip.com,1
https://www.chip.de,1
https://www.glamour.com,1
https://www.thrillist.com,1
https://www.lazada.co.id,1
https://www.oracle.com,1
https://www.pinterest.it,1
https://www.twitch.tv,1
https://www.ultimate-guitar.com,1
https://www.collider.com,1
https://www.lyrics.com,1
https://www.cinemablend.com,1
https://www.arxiv.org,1
https://www.globalnews.ca,1
https://www.berkeley.edu,1
https://www.pocket-lint.com,1
https://www.docplayer.org,1
https://www.letras.mus.br,1
https://www.bandcamp.com,1
https://www.asos.com,1
https://www.francetvinfo.fr,1
https://www.ctvnews.ca,1
https://www.elconfidencial.com,1
https://www.apollo.io,1
https://www.jiosaavn.com,1
https://www.chu.edu.krd,1
https://www.allegro.pl,1
https://www.restaurantji.com,1
https://www.picclick.fr,1
https://www.gutefrage.net,1
https://www.menshealth.com,1
https://www.idealo.de,1
https://www.foodnetwork.com,1
https://www.udemy.com,1
https://www.vectorstock.com,1
https://www.untappd.com,1
https://www.thespruceeats.com,1
https://www.abebooks.com,1
https://www.rozetka.com.ua,1
https://www.unam.mx,1
https://www.vice.com,1
https://www.canada.ca,1
https://www.marthastewart.com,1
https://www.bobvila.com,1
https://www.tasteofhome.com,1
https://www.investing.com,1
https://www.weblio.jp,1
https://www.cheatsheet.com,1
https://www.google.it,1
https://www.bhphotovideo.com,1
https://www.techtarget.com,1
https://www.blibli.com,1
https://www.letras.com,1
https://www.casasbahia.com.br,1
https://www.yell.com,1
https://www.nasa.gov,1
https://www.iheart.com,1
https://www.amarujala.com,1
https://www.mozilla.org,1
https://www.radiotimes.com,1
https://www.legacy.com,1
https://www.hm.com,1
https://www.caranddriver.com,1
https://www.openedition.org,1
https://www.shopee.com.br,1
https://www.denofgeek.com,1
https://www.cylex.de,1
https://www.t-online.de,1
https://www.teacherspayteachers.com,1
https://www.johnlewis.com,1
https://www.goal.com,1
https://www.answerstoall.com,1
https://www.alamy.es,1
https://www.gramho.com,1
https://www.hubspot.com,1
https://www.everythingwhat.com,1
https://www.wish.com,1
https://www.manualslib.com,1
https://www.hopkinsmedicine.org,1
https://www.france24.com,1
https://www.geeksforgeeks.org,1
https://www.answers.com,1
https://www.craigslist.org,1
https://www.mvorganizing.org,1
https://www.qz.com,1
https://www.history.com,1
https://www.infobel.com,1
https://www.thetimes.co.uk,1
https://www.columbia.edu,1
https://www.byrdie.com,1
https://www.alberta.ca,1
https://www.womply.com,1
https://www.xataka.com,1
https://www.mojim.com,1
https://www.englishtenses.pro,1
https://www.timesnownews.com,1
https://www.ny.gov,1
https://www.rogerebert.com,1
https://www.bleacherreport.com,1
https://www.instacart.com,1
https://www.vogue.com,1
https://www.ranker.com,1
https://www.ed.gov,1
https://www.city-data.com,1
https://www.bedbathandbeyond.com,1
https://www.fda.gov,1
https://www.hola.com,1
https://www.linternaute.com,1
https://www.mundodeportivo.com,1
https://www.indiewire.com,1
https://www.societe.com,1
https://www.tripadvisor.fr,1
https://www.jamanetwork.com,1
https://www.howtogeek.com,1
https://www.navitime.co.jp,1
https://www.apa.org,1
https://www.wikidata.org,1
https://www.farfetch.com,1
https://www.foodyas.com,1
https://www.mawdoo3.com,1
https://www.vanityfair.com,1
https://www.merdeka.com,1
https://www.androidauthority.com,1
https://www.biglobe.ne.jp,1
https://www.foxnews.com,1
https://www.sciencedaily.com,1
https://www.over-blog.com,1
https://www.airbnb.com,1
https://www.justia.com,1
https://www.aarp.org,1
https://www.washington.edu,1
https://www.nina.az,1
https://www.wordnik.com,1
https://www.zdnet.com,1
https://www.zmenu.com,1
https://www.dhgate.com,1
https://www.jagran.com,1
https://www.weather.com,1
https://www.smh.com.au,1
https://www.si.com,1
https://www.gizmodo.com,1
https://www.kumparan.com,1
https://www.cvs.com,1
https://www.linguee.fr,1
https://www.pngtree.com,1
https://www.slideplayer.com,1
https://www.moneycontrol.com,1
https://www.walgreens.com,1
https://www.scielo.org.mx,1
https://www.playstation.com,1
https://www.travelocity.com,1
https://www.self.com,1
https://www.brainly.lat,1
https://www.lww.com,1
https://www.urdupoint.com,1
https://www.delish.com,1
https://www.slate.com,1
https://www.tabelog.com,1
https://www.euronews.com,1
https://www.gq.com,1
https://www.worldcat.org,1
https://www.olx.ua,1
https://www.baidu.com,1
https://www.eleconomista.es,1
https://www.inews.co.uk,1
https://www.eonline.com,1
https://www.pikiran-rakyat.com,1
https://www.texas.gov,1
https://www.indiatvnews.com,1
https://www.hypebeast.com,1
https://www.suara.com,1
https://www.google.com.ua,1
https://www.dell.com,1
https://www.nike.com,1
https://www.google.es,1
https://www.apartments.com,1
https://www.ancestry.com,1
https://www.mappy.com,1
https://www.asahi.com,1
https://www.imgur.com,1
https://www.aa.com.tr,1
https://www.bilibili.com,1
https://www.si.edu,1
https://www.welt.de,1
https://www.acs.org,1
https://www.sciencemag.org,1
https://www.blog.jp,1
https://www.motortrend.com,1
https://www.repubblica.it,1
https://www.daum.net,1
https://www.artstation.com,1
https://www.libretexts.org,1
https://www.aljazeera.net,1
https://www.orbitz.com,1
https://www.simplyhired.com,1
https://www.cbssports.com,1
https://www.oeffnungszeitenbuch.de,1
https://www.epa.gov,1
https://www.note.com,1
https://www.archive.org,1
https://www.news.com.au,1
https://www.hgtv.com,1
https://www.kroger.com,1
https://www.marktplaats.nl,1
https://www.menupix.com,1
https://www.sky.com,1
https://www.worldbank.org,1
https://www.techtudo.com.br,1
https://www.allure.com,1
https://www.purdue.edu,1
https://www.nicovideo.jp,1
https://www.yelp.ca,1
https://www.smule.com,1
https://www.gumtree.com.au,1
https://www.kayak.com,1
https://www.idntimes.com,1
https://www.stern.de,1
https://www.oprahdaily.com,1
https://www.pngwing.com,1
https://www.snapdeal.com,1
https://www.extra.com.br,1
https://www.seattletimes.com,1
https://www.tutorialspoint.com,1
https://www.grubhub.com,1
https://www.canva.com,1
https://www.calameo.com,1
https://www.decider.com,1
https://www.southernliving.com,1
https://www.popularmechanics.com,1
https://www.androidcentral.com,1
https://www.grid.id,1
https://www.irecommend.ru,1
https://www.wikimapia.org,1
https://www.familyhandyman.com,1
https://www.housebeautiful.com,1
https://www.ufl.edu,1
https://www.redbull.com,1
https://www.nydailynews.com,1
https://www.nps.gov,1
https://www.zonealarm.com,1
https://www.google.co.kr,1
https://www.gumtree.com,1
https://www.inverse.com,1
https://www.amazon.com.au,1
https://www.bestreviews.guide,1
https://www.songlyrics.com,1
https://www.upenn.edu,1
https://www.thewrap.com,1
https://www.mentalfloss.com,1
https://www.otzovik.com,1
https://www.corriere.it,1
https://www.rocketreach.co,1
https://www.free.fr,1
https://www.b2byellowpages.com,1
https://www.canadiantire.ca,1
https://www.carousell.sg,1
https://www.rg.ru,1
https://www.pinterest.co.kr,1
https://www.livedoor.jp,1
https://www.eater.com,1
https://www.livestrong.com,1
https://www.shpock.com,1
https://www.hepsiburada.com,1
https://www.imore.com,1
https://www.news-medical.net,1
https://www.newindianexpress.com,1
https://www.songmeanings.com,1
https://www.theknot.com,1
https://www.ebay.it,1
https://www.azcentral.com,1
https://www.firstcry.com,1
https://www.pinterest.ie,1
https://www.complex.com,1
https://www.fortune.com,1
https://www.tripadvisor.ca,1
https://www.wordsense.eu,1
https://www.nasdaq.com,1
https://www.degruyter.com,1
https://www.songfacts.com,1
https://www.latercera.com,1
https://www.mapion.co.jp,1
https://www.theglobeandmail.com,1
https://www.vedantu.com,1
https://www.eltiempo.com,1
https://www.alphr.com,1
https://www.yellowpages.ca,1
https://www.souq.com,1
https://www.wa.gov,1
https://www.thecut.com,1
https://www.rd.com,1
https://www.ceneo.pl,1
https://www.rochester.edu,1
https://www.fool.com,1
https://www.ivoox.com,1
https://www.aljazeera.com,1
https://www.marriott.com,1
https://www.doordash.com,1
https://www.uptodate.com,1
https://www.informer.com,1
https://www.hitc.com,1
https://www.betterhealth.vic.gov.au,1
https://www.purewow.com,1
https://www.arcgis.com,1
https://www.vagalume.com.br,1
https://www.windowscentral.com,1
https://www.journaldesfemmes.fr,1
https://www.yale.edu,1
https://www.verizon.com,1
https://www.motor1.com,1
https://www.boardgamestips.com,1
https://www.sueddeutsche.de,1
https://www.wisc.edu,1
https://www.trshow.info,1
https://www.terra.com.br,1
https://www.quizizz.com,1
https://www.tomshardware.com,1
https://www.arstechnica.com,1
https://www.elcomercio.pe,1
https://www.tripadvisor.in,1
https://www.globenewswire.com,1
https://www.loopnet.com,1
https://www.songtexte.com,1
https://www.tripadvisor.co,1
https://www.sap.com,1
https://www.desertcart.com,1
https://www.oneindia.com,1
https://www.rt.com,1
https://www.rae.es,1
https://www.shopee.tw,1
https://www.wondershare.com,1
https://www.ecured.cu,1
https://www.roku.com,1
https://www.vecteezy.com,1
https://www.angi.com,1
https://www.faz.net,1
https://www.pinterest.pt,1
https://www.udn.com,1
https://www.huawei.com,1
https://www.makemytrip.com,1
https://www.sbs.com.au,1
https://www.pinterest.se,1
https://www.tidal.com,1
https://www.otto.de,1
https://www.abplive.com,1
https://www.foodandwine.com,1
https://www.pnas.org,1
https://www.psychologytoday.com,1
https://www.bbcgoodfood.com,1
https://www.allocine.fr,1
https://www.zara.com,1
https://www.cylex-uk.co.uk,1
https://www.illinois.edu,1
https://www.bigl.ua,1
https://www.hotpepper.jp,1
https://www.pngegg.com,1
https://www.marieclaire.com,1
https://www.cylex.us.com,1
https://www.trulia.com,1
https://www.amazonaws.com,1
https://www.lawinsider.com,1
https://www.masterclass.com,1
https://www.impress.co.jp,1
https://www.myfitnesspal.com,1
https://www.scielo.org.co,1
https://www.thekitchn.com,1
https://www.jalan.net,1
https://www.livehindustan.com,1
https://www.stuff.co.nz,1
https://www.europapress.es,1
https://www.epicurious.com,1
https://www.hunker.com,1
https://www.sciencing.com,1
https://www.myntra.com,1
https://www.uchicago.edu,1
https://www.anchor.fm,1
https://www.tempo.co,1
https://www.vg247.com,1
https://www.infoplease.com,1
https://www.xbox.com,1
https://www.pinterest.dk,1
https://www.inc.com,1
https://www.almrsal.com,1
https://www.msu.edu,1
https://www.verywellmind.com,1
https://www.patrika.com,1
https://www.verywellfit.com,1
https://www.pcgamesn.com,1
https://www.edmunds.com,1
https://www.cancioneros.com,1
https://www.ingles.com,1
https://www.rtve.es,1
https://www.heavy.com,1
https://www.meinestadt.de,1
https://www.clarin.com,1
https://www.gsmarena.com,1
https://www.couponxoo.com,1
https://www.lenovo.com,1
https://www.cnnindonesia.com,1
https://www.townandcountrymag.com,1
https://www.autoblog.com,1
https://www.powerthesaurus.org,1
https://www.babycenter.com,1
https://www.superpages.com,1
https://www.archiveofourown.org,1
https://www.superuser.com,1
https://www.looper.com,1
https://www.hbr.org,1
https://www.btp.ac.id,1
https://www.spanishdict.com,1
https://www.fastcompany.com,1
https://www.kaufland.de,1
https://www.giftly.com,1
https://www.linternaute.fr,1
https://www.jimdofree.com,1
https://www.uofmhealth.org,1
https://www.dnaindia.com,1
https://www.cars.com,1
https://www.hurriyet.com.tr,1
https://www.submarino.com.br,1
https://www.hellomagazine.com,1
https://www.masrawy.com,1
https://www.patient.info,1
https://www.synonyms.com,1
https://www.next.co.uk,1
https://www.programmersought.com,1
https://www.opentran.net,1
https://www.voanews.com,1
https://www.venturebeat.com,1
https://www.itmedia.co.jp,1
https://www.milanuncios.com,1
https://www.kknews.cc,1
https://www.takealot.com,1
https://www.pixiv.net,1
https://www.nhk.or.jp,1
https://www.pontofrio.com.br,1
https://www.lensa.com,1
https://www.elperiodico.com,1
https://www.skysports.com,1
https://www.audible.com,1
https://www.booktopia.com.au,1
https://www.itwperformancepolymers.com,1
https://www.justwatch.com,1
https://www.lyst.com,1
https://www.verywellfamily.com,1
https://www.samsclub.com,1
https://www.khandbahale.com,1
https://www.utexas.edu,1
https://www.lonelyplanet.com,1
https://www.learnersdictionary.com,1
https://www.namu.wiki,1
https://www.lyricsjonk.com,1
https://www.mercurynews.com,1
https://www.nbcsports.com,1
https://www.tunebat.com,1
https://www.straitstimes.com,1
https://www.food.com,1
https://www.manualzz.com,1
https://www.mtv.com,1
https://www.computerbild.de,1
https://www.heb.com,1
https://www.pasttenses.com,1
https://www.spiegel.de,1
https://www.pinterest.nz,1
https://www.estadao.com.br,1
https://www.okdiario.com,1
https://www.cancer.gov,1
https://www.larousse.fr,1
https://www.kbb.com,1
https://www.teenvogue.com,1
https://www.lanacion.com.ar,1
https://www.worthpoint.com,1
https://www.tesco.com,1
https://www.menards.com,1
https://www.coursera.org,1
https://www.jusbrasil.com.br,1
https://www.entrepreneur.com,1
https://www.kmart.com,1
https://www.vrbo.com,1
https://www.20minutes.fr,1
https://www.travelandleisure.com,1
https://www.fril.jp,1
https://www.ria.ru,1
https://www.ouvirmusica.com.br,1
https://www.bhaskar.com,1
https://www.elwatannews.com,1
https://www.tripsavvy.com,1
https://www.wikia.org,1
https://www.javatpoint.com,1
https://www.wikiqube.net,1
https://www.bfmtv.com,1
https://www.shape.com,1
https://www.dribbble.com,1
https://www.11880.com,1
https://www.tutsplus.com,1
